state_ut,fy,admissions,source
ALL INDIA,all,32836159,sum of annexure FY table
Andaman And Nicobar Islands,2018-19,14,https://pib.gov.in/PressReleaseIframePage.aspx?PRID=1813651
Andaman And Nicobar Islands,2019-20,153,https://pib.gov.in/PressReleaseIframePage.aspx?PRID=1813651
Andaman And Nicobar Islands,2020-21,342,https://pib.gov.in/PressReleaseIframePage.aspx?PRID=1813651
Andaman And Nicobar Islands,2021-22,840,https://pib.gov.in/PressReleaseIframePage.aspx?PRID=1813651
Andhra Pradesh,2018-19,139942,https://pib.gov.in/PressReleaseIframePage.aspx?PRID=1813651
Andhra Pradesh,2019-20,655036,https://pib.gov.in/PressReleaseIframePage.aspx?PRID=1813651
Andhra Pradesh,2020-21,692455,https://pib.gov.in/PressReleaseIframePage.aspx?PRID=1813651
Andhra Pradesh,2021-22,977765,https://pib.gov.in/PressReleaseIframePage.aspx?PRID=1813651
Arunachal Pradesh,2018-19,378,https://pib.gov.in/PressReleaseIframePage.aspx?PRID=1813651
Arunachal Pradesh,2019-20,1353,https://pib.gov.in/PressReleaseIframePage.aspx?PRID=1813651
Arunachal Pradesh,2020-21,75,https://pib.gov.in/PressReleaseIframePage.aspx?PRID=1813651
Arunachal Pradesh,2021-22,30,https://pib.gov.in/PressReleaseIframePage.aspx?PRID=1813651
Assam,2018-19,32713,https://pib.gov.in/PressReleaseIframePage.aspx?PRID=1813651
Assam,2019-20,90194,https://pib.gov.in/PressReleaseIframePage.aspx?PRID=1813651
Assam,2020-21,93007,https://pib.gov.in/PressReleaseIframePage.aspx?PRID=1813651
Assam,2021-22,176633,https://pib.gov.in/PressReleaseIframePage.aspx?PRID=1813651
Bihar,2018-19,19727,https://pib.gov.in/PressReleaseIframePage.aspx?PRID=1813651
Bihar,2019-20,160064,https://pib.gov.in/PressReleaseIframePage.aspx?PRID=1813651
Bihar,2020-21,89146,https://pib.gov.in/PressReleaseIframePage.aspx?PRID=1813651
Bihar,2021-22,116770,https://pib.gov.in/PressReleaseIframePage.aspx?PRID=1813651
Chandigarh,2018-19,358,https://pib.gov.in/PressReleaseIframePage.aspx?PRID=1813651
Chandigarh,2019-20,3515,https://pib.gov.in/PressReleaseIframePage.aspx?PRID=1813651
Chandigarh,2020-21,5378,https://pib.gov.in/PressReleaseIframePage.aspx?PRID=1813651
Chandigarh,2021-22,8357,https://pib.gov.in/PressReleaseIframePage.aspx?PRID=1813651
Chhattisgarh,2018-19,231191,https://pib.gov.in/PressReleaseIframePage.aspx?PRID=1813651
Chhattisgarh,2019-20,636578,https://pib.gov.in/PressReleaseIframePage.aspx?PRID=1813651
Chhattisgarh,2020-21,497637,https://pib.gov.in/PressReleaseIframePage.aspx?PRID=1813651
Chhattisgarh,2021-22,902690,https://pib.gov.in/PressReleaseIframePage.aspx?PRID=1813651
DNH and DD,2018-19,8484,https://pib.gov.in/PressReleaseIframePage.aspx?PRID=1813651
DNH and DD,2019-20,33993,https://pib.gov.in/PressReleaseIframePage.aspx?PRID=1813651
DNH and DD,2020-21,18943,https://pib.gov.in/PressReleaseIframePage.aspx?PRID=1813651
DNH and DD,2021-22,20628,https://pib.gov.in/PressReleaseIframePage.aspx?PRID=1813651
Goa,2018-19,9723,https://pib.gov.in/PressReleaseIframePage.aspx?PRID=1813651
Goa,2019-20,374,https://pib.gov.in/PressReleaseIframePage.aspx?PRID=1813651
Goa,2020-21,139,https://pib.gov.in/PressReleaseIframePage.aspx?PRID=1813651
Goa,2021-22,167,https://pib.gov.in/PressReleaseIframePage.aspx?PRID=1813651
Gujarat,2018-19,314251,https://pib.gov.in/PressReleaseIframePage.aspx?PRID=1813651
Gujarat,2019-20,1140661,https://pib.gov.in/PressReleaseIframePage.aspx?PRID=1813651
Gujarat,2020-21,825742,https://pib.gov.in/PressReleaseIframePage.aspx?PRID=1813651
Gujarat,2021-22,567937,https://pib.gov.in/PressReleaseIframePage.aspx?PRID=1813651
Haryana,2018-19,11224,https://pib.gov.in/PressReleaseIframePage.aspx?PRID=1813651
Haryana,2019-20,97508,https://pib.gov.in/PressReleaseIframePage.aspx?PRID=1813651
Haryana,2020-21,138805,https://pib.gov.in/PressReleaseIframePage.aspx?PRID=1813651
Haryana,2021-22,185480,https://pib.gov.in/PressReleaseIframePage.aspx?PRID=1813651
Himachal Pradesh,2018-19,8646,https://pib.gov.in/PressReleaseIframePage.aspx?PRID=1813651
Himachal Pradesh,2019-20,48212,https://pib.gov.in/PressReleaseIframePage.aspx?PRID=1813651
Himachal Pradesh,2020-21,29274,https://pib.gov.in/PressReleaseIframePage.aspx?PRID=1813651
Himachal Pradesh,2021-22,47695,https://pib.gov.in/PressReleaseIframePage.aspx?PRID=1813651
Jammu and Kashmir,2018-19,6317,https://pib.gov.in/PressReleaseIframePage.aspx?PRID=1813651
Jammu and Kashmir,2019-20,67337,https://pib.gov.in/PressReleaseIframePage.aspx?PRID=1813651
Jammu and Kashmir,2020-21,67856,https://pib.gov.in/PressReleaseIframePage.aspx?PRID=1813651
Jammu and Kashmir,2021-22,250416,https://pib.gov.in/PressReleaseIframePage.aspx?PRID=1813651
Jharkhand,2018-19,108036,https://pib.gov.in/PressReleaseIframePage.aspx?PRID=1813651
Jharkhand,2019-20,409737,https://pib.gov.in/PressReleaseIframePage.aspx?PRID=1813651
Jharkhand,2020-21,298179,https://pib.gov.in/PressReleaseIframePage.aspx?PRID=1813651
Jharkhand,2021-22,327601,https://pib.gov.in/PressReleaseIframePage.aspx?PRID=1813651
Karnataka,2018-19,119435,https://pib.gov.in/PressReleaseIframePage.aspx?PRID=1813651
Karnataka,2019-20,593650,https://pib.gov.in/PressReleaseIframePage.aspx?PRID=1813651
Karnataka,2020-21,682779,https://pib.gov.in/PressReleaseIframePage.aspx?PRID=1813651
Karnataka,2021-22,1144871,https://pib.gov.in/PressReleaseIframePage.aspx?PRID=1813651
Kerala,2019-20,975300,https://pib.gov.in/PressReleaseIframePage.aspx?PRID=1813651
Kerala,2020-21,1043975,https://pib.gov.in/PressReleaseIframePage.aspx?PRID=1813651
Kerala,2021-22,1700986,https://pib.gov.in/PressReleaseIframePage.aspx?PRID=1813651
Ladakh,2020-21,391,https://pib.gov.in/PressReleaseIframePage.aspx?PRID=1813651
Ladakh,2021-22,1632,https://pib.gov.in/PressReleaseIframePage.aspx?PRID=1813651
Lakshadweep,2019-20,1,https://pib.gov.in/PressReleaseIframePage.aspx?PRID=1813651
Lakshadweep,2021-22,69,https://pib.gov.in/PressReleaseIframePage.aspx?PRID=1813651
Madhya Pradesh,2018-19,45219,https://pib.gov.in/PressReleaseIframePage.aspx?PRID=1813651
Madhya Pradesh,2019-20,278348,https://pib.gov.in/PressReleaseIframePage.aspx?PRID=1813651
Madhya Pradesh,2020-21,384190,https://pib.gov.in/PressReleaseIframePage.aspx?PRID=1813651
Madhya Pradesh,2021-22,717904,https://pib.gov.in/PressReleaseIframePage.aspx?PRID=1813651
Maharashtra,2018-19,108247,https://pib.gov.in/PressReleaseIframePage.aspx?PRID=1813651
Maharashtra,2019-20,214921,https://pib.gov.in/PressReleaseIframePage.aspx?PRID=1813651
Maharashtra,2020-21,136699,https://pib.gov.in/PressReleaseIframePage.aspx?PRID=1813651
Maharashtra,2021-22,87741,https://pib.gov.in/PressReleaseIframePage.aspx?PRID=1813651
Manipur,2018-19,1503,https://pib.gov.in/PressReleaseIframePage.aspx?PRID=1813651
Manipur,2019-20,12803,https://pib.gov.in/PressReleaseIframePage.aspx?PRID=1813651
Manipur,2020-21,16362,https://pib.gov.in/PressReleaseIframePage.aspx?PRID=1813651
Manipur,2021-22,24075,https://pib.gov.in/PressReleaseIframePage.aspx?PRID=1813651
Meghalaya,2018-19,1146,https://pib.gov.in/PressReleaseIframePage.aspx?PRID=1813651
Meghalaya,2019-20,124716,https://pib.gov.in/PressReleaseIframePage.aspx?PRID=1813651
Meghalaya,2020-21,123736,https://pib.gov.in/PressReleaseIframePage.aspx?PRID=1813651
Meghalaya,2021-22,145423,https://pib.gov.in/PressReleaseIframePage.aspx?PRID=1813651
Mizoram,2018-19,7097,https://pib.gov.in/PressReleaseIframePage.aspx?PRID=1813651
Mizoram,2019-20,27716,https://pib.gov.in/PressReleaseIframePage.aspx?PRID=1813651
Mizoram,2020-21,16990,https://pib.gov.in/PressReleaseIframePage.aspx?PRID=1813651
Mizoram,2021-22,13891,https://pib.gov.in/PressReleaseIframePage.aspx?PRID=1813651
Nagaland,2018-19,269,https://pib.gov.in/PressReleaseIframePage.aspx?PRID=1813651
Nagaland,2019-20,10226,https://pib.gov.in/PressReleaseIframePage.aspx?PRID=1813651
Nagaland,2020-21,7357,https://pib.gov.in/PressReleaseIframePage.aspx?PRID=1813651
Nagaland,2021-22,5658,https://pib.gov.in/PressReleaseIframePage.aspx?PRID=1813651
Puducherry,2019-20,1370,https://pib.gov.in/PressReleaseIframePage.aspx?PRID=1813651
Puducherry,2020-21,2587,https://pib.gov.in/PressReleaseIframePage.aspx?PRID=1813651
Puducherry,2021-22,11942,https://pib.gov.in/PressReleaseIframePage.aspx?PRID=1813651
Punjab,2019-20,196693,https://pib.gov.in/PressReleaseIframePage.aspx?PRID=1813651
Punjab,2020-21,422817,https://pib.gov.in/PressReleaseIframePage.aspx?PRID=1813651
Punjab,2021-22,537747,https://pib.gov.in/PressReleaseIframePage.aspx?PRID=1813651
Rajasthan,2018-19,1,https://pib.gov.in/PressReleaseIframePage.aspx?PRID=1813651
Rajasthan,2019-20,925684,https://pib.gov.in/PressReleaseIframePage.aspx?PRID=1813651
Rajasthan,2020-21,439168,https://pib.gov.in/PressReleaseIframePage.aspx?PRID=1813651
Rajasthan,2021-22,986969,https://pib.gov.in/PressReleaseIframePage.aspx?PRID=1813651
Sikkim,2018-19,9,https://pib.gov.in/PressReleaseIframePage.aspx?PRID=1813651
Sikkim,2019-20,1215,https://pib.gov.in/PressReleaseIframePage.aspx?PRID=1813651
Sikkim,2020-21,2023,https://pib.gov.in/PressReleaseIframePage.aspx?PRID=1813651
Sikkim,2021-22,2911,https://pib.gov.in/PressReleaseIframePage.aspx?PRID=1813651
Tamil Nadu,2018-19,401435,https://pib.gov.in/PressReleaseIframePage.aspx?PRID=1813651
Tamil Nadu,2019-20,857530,https://pib.gov.in/PressReleaseIframePage.aspx?PRID=1813651
Tamil Nadu,2020-21,1622905,https://pib.gov.in/PressReleaseIframePage.aspx?PRID=1813651
Tamil Nadu,2021-22,4962036,https://pib.gov.in/PressReleaseIframePage.aspx?PRID=1813651
Telangana,2021-22,321826,https://pib.gov.in/PressReleaseIframePage.aspx?PRID=1813651
Tripura,2018-19,7800,https://pib.gov.in/PressReleaseIframePage.aspx?PRID=1813651
Tripura,2019-20,51139,https://pib.gov.in/PressReleaseIframePage.aspx?PRID=1813651
Tripura,2020-21,30196,https://pib.gov.in/PressReleaseIframePage.aspx?PRID=1813651
Tripura,2021-22,46530,https://pib.gov.in/PressReleaseIframePage.aspx?PRID=1813651
Uttar Pradesh,2018-19,68120,https://pib.gov.in/PressReleaseIframePage.aspx?PRID=1813651
Uttar Pradesh,2019-20,289065,https://pib.gov.in/PressReleaseIframePage.aspx?PRID=1813651
Uttar Pradesh,2020-21,318901,https://pib.gov.in/PressReleaseIframePage.aspx?PRID=1813651
Uttar Pradesh,2021-22,502928,https://pib.gov.in/PressReleaseIframePage.aspx?PRID=1813651
Uttarakhand,2018-19,20594,https://pib.gov.in/PressReleaseIframePage.aspx?PRID=1813651
Uttarakhand,2019-20,130229,https://pib.gov.in/PressReleaseIframePage.aspx?PRID=1813651
Uttarakhand,2020-21,121795,https://pib.gov.in/PressReleaseIframePage.aspx?PRID=1813651
Uttarakhand,2021-22,183326,https://pib.gov.in/PressReleaseIframePage.aspx?PRID=1813651
West Bengal,2018-19,17636,https://pib.gov.in/PressReleaseIframePage.aspx?PRID=1813651
