date,indicator,value,unit,definition,source,source_url,confidence
2018-09-23,admissions_crore,0.0,crore,scheme launch (no admissions yet),PIB launch release PRID 1546948,https://pib.gov.in/PressReleaseIframePage.aspx?PRID=1546948,high
2019-03-31,admissions_crore,0.169,crore,cumulative authorised hospital admissions end FY2018-19,"PIB PRID 1813651 annexure (State/UT x FY table, all-India sum)",https://pib.gov.in/PressReleaseIframePage.aspx?PRID=1813651,high
2019-09-23,admissions_crore,0.4662,crore,46.62 lakh hospital admissions at first anniversary,NHA milestone summary (via IJSSER 2021 snippet),https://ijsser.org/2021files/ijsser_06__238.pdf,medium
2020-03-31,admissions_crore,0.972,crore,cumulative authorised hospital admissions end FY2019-20,PIB PRID 1813651 annexure (all-India sum),https://pib.gov.in/PressReleaseIframePage.aspx?PRID=1813651,high
2021-03-31,admissions_crore,1.785,crore,cumulative authorised hospital admissions end FY2020-21,PIB PRID 1813651 annexure (all-India sum),https://pib.gov.in/PressReleaseIframePage.aspx?PRID=1813651,high
2022-03-31,admissions_crore,3.28,crore,cumulative authorised hospital admissions as on 31 Mar 2022,PIB release (live fetch),https://pib.gov.in/PressReleaseIframePage.aspx?PRID=1813651,high
2023-03-31,admissions_crore,4.93,crore,cumulative admissions = 3.28 Cr (Mar-22) + 1.65 Cr authorised during 2022-23,PIB PRID 1813651 + PRID 1928582 (computed),https://pib.gov.in/PressReleaseIframePage.aspx?PRID=1928582,medium
2023-05-31,admissions_crore,5.0,crore,milestone of 5 crore hospital admissions,PIB release (live fetch),https://pib.gov.in/PressReleaseIframePage.aspx?PRID=1928582,high
2024-06-30,admissions_crore,7.37,crore,"cumulative admissions as on 30 Jun 2024 (worth Rs 1,00,000+ crore)","Lok Sabha written reply, MoHFW (via Akashvani News, 02 Aug 2024)",https://newsonair.gov.in/over-34-crore-ayushman-cards-created-under-ab-pmjay-7-37-crore-hospital-admissions-authorized-health-minister/,high
2025-03-31,admissions_crore,9.19,crore,cumulative admissions as on 31 Mar 2025,"NHA Annual Report 2024-25 (via The Hindu, 18 Oct 2025)",https://www.thehindu.com/sci-tech/health/women-account-for-49-of-hospital-admissions-under-ab-pmjay-national-health-authority-report/article70178889.ece,high
2022-03-31,admissions_fy_2022_23_flow_crore,1.65,crore,admissions authorised during FY2022-23,PIB PRID 1928582,https://pib.gov.in/PressReleaseIframePage.aspx?PRID=1928582,high
2018-09-23,cards_crore,0.0,crore,scheme launch (no cards issued yet),PIB launch release PRID 1546948,https://pib.gov.in/PressReleaseIframePage.aspx?PRID=1546948,high
2019-09-23,cards_crore,10.39,crore,Ayushman e-cards issued at first anniversary,NHA milestone summary (via IJSSER 2021 snippet),https://ijsser.org/2021files/ijsser_06__238.pdf,medium
2022-03-31,cards_crore,17.9,crore,individuals provided Ayushman cards as on 31 Mar 2022,PIB release (live fetch),https://pib.gov.in/PressReleaseIframePage.aspx?PRID=1813651,high
2023-05-31,cards_crore,23.39,crore,beneficiaries verified and issued Ayushman cards,PIB release (live fetch),https://pib.gov.in/PressReleaseIframePage.aspx?PRID=1928582,high
2024-06-30,cards_crore,34.0,crore,Ayushman cards created as on 30 Jun 2024 (>=),"Lok Sabha written reply, MoHFW (via Akashvani News, 02 Aug 2024)",https://newsonair.gov.in/over-34-crore-ayushman-cards-created-under-ab-pmjay-7-37-crore-hospital-admissions-authorized-health-minister/,high
2025-03-31,cards_crore,40.45,crore,Ayushman cards issued cumulative,"NHA Annual Report 2024-25 (via The Hindu, 18 Oct 2025)",https://www.thehindu.com/sci-tech/health/women-account-for-49-of-hospital-admissions-under-ab-pmjay-national-health-authority-report/article70178889.ece,high
2018-09-23,hospitals_count,18236,count,"empanelled hospitals at launch (8,571 public / 9,665 private)","NHA data, cited in Lahariya (2020) Indian J Med Res PMC7340764; IJSSER 2021",https://pmc.ncbi.nlm.nih.gov/articles/PMC7340764/,high
2019-09-23,hospitals_count,18236,count,empanelled hospitals at first anniversary,NHA milestone summary (via IJRTI 2023 paper table),https://www.ijrti.org/papers/IJRTI2308031.pdf,medium
2020-09-30,hospitals_count,23311,count,empanelled hospitals ~Sep 2020,IJSSER 2021 comparison table,https://ijsser.org/2021files/ijsser_06__238.pdf,medium
2021-03-31,hospitals_count,24215,count,empanelled hospitals till March 2021,"IJRTI 2023 (PMJAY review, table)",https://www.ijrti.org/papers/IJRTI2308031.pdf,high
2022-03-31,hospitals_count,25800.0,count,empanelled healthcare providers as on 31 Mar 2022 (>=),PIB release (live fetch),https://pib.gov.in/PressReleaseIframePage.aspx?PRID=1813651,high
2023-05-31,hospitals_count,28351.0,count,"empanelled hospitals incl. 12,824 private",PIB release (live fetch),https://pib.gov.in/PressReleaseIframePage.aspx?PRID=1928582,high
2024-06-30,hospitals_count,29000,count,empanelled hospitals as on 30 Jun 2024 (>=),"Lok Sabha written reply, MoHFW (via Akashvani News, 02 Aug 2024)",https://newsonair.gov.in/over-34-crore-ayushman-cards-created-under-ab-pmjay-7-37-crore-hospital-admissions-authorized-health-minister/,medium
2025-03-31,hospitals_count,31005,count,empanelled hospitals (55% public / 45% private),"NHA Annual Report 2024-25 (via The Hindu, 18 Oct 2025)",https://www.thehindu.com/sci-tech/health/women-account-for-49-of-hospital-admissions-under-ab-pmjay-national-health-authority-report/article70178889.ece,high
2022-03-31,treatment_value_crore,37606.0,crore,cumulative treatment value as on 31 Mar 2022,PIB release (live fetch),https://pib.gov.in/PressReleaseIframePage.aspx?PRID=1813651,high
2023-05-31,treatment_value_crore,61501.0,crore,cumulative treatment value at 5-crore milestone,PIB release (live fetch),https://pib.gov.in/PressReleaseIframePage.aspx?PRID=1928582,high
2025-03-31,treatment_value_crore,129386,crore,cumulative treatment value as on 31 Mar 2025,"NHA Annual Report 2024-25 (via The Hindu, 18 Oct 2025)",https://www.thehindu.com/sci-tech/health/women-account-for-49-of-hospital-admissions-under-ab-pmjay-national-health-authority-report/article70178889.ece,high
