dropped,b,t
Andhra Pradesh,-7.255969605818836,-2.839548786125892
Chandigarh,-7.391665385080929,-2.9158859604834793
Goa,-7.401184644084604,-2.9136561954685765
Gujarat,-7.254965883322043,-2.8446964114924627
Haryana,-7.035844032685262,-2.402142906915154
Karnataka,-4.602258641795596,-1.7951542579104172
Kerala,-7.956073570063124,-3.3574797822763234
Madhya Pradesh,-6.99064096621778,-2.765600623323036
Maharashtra,-9.297735950211267,-4.554142146260885
NCT of Delhi,-7.402788997521145,-2.907854236155724
Odisha,-7.427267463924251,-2.7987484891358663
Punjab,-7.783235868889217,-3.1147826835659633
Rajasthan,-7.204440310948262,-2.6220318544026093
Tamil Nadu,-7.879606948195273,-2.8606507566651977
Uttar Pradesh,-7.737445354354648,-2.853731214091897
West Bengal,-6.462628182286908,-2.5818481588790014
